cmt,vid,num,p_id,tk_id
,https://www.youtube.com/watch?v=g5FQl3IRGuk,0,1,1eEX2HigE7rmIT7bwVBqtj
,https://www.youtube.com/watch?v=P5lmb5-tnM0,1,1,0gPQTLaqHDgdupKEok7J2x
,https://www.youtube.com/watch?v=xOuos3tU3AE,2,1,0a4x22Cu8ix2C0ylPLl7A7
,https://www.youtube.com/watch?v=isCb54Bcdoo,3,1,0NYEdeOOdXN6Nw2AeKecSJ
,https://www.youtube.com/watch?v=xcC3UQl3V-U,4,1,360NCp4XoQ0sFi5jgu5Ww7
,https://www.youtube.com/watch?v=oDjxlN92L98,5,1,2VSnwBXZLxPJoAHyDRyxrW
맛깔난 아프로비트,https://www.youtube.com/watch?v=nuWA-Gz2XJE,6,1,0sHyVWNc3nfxAYOTOwOlPx
,https://www.youtube.com/watch?v=sg34LyfYobo,7,1,01JPQ87UHeGysPVwTqMJHK
,https://www.youtube.com/watch?v=atyPXBQfCaY,8,1,6IaieqiCVvsNvEt6Y7yOFa
,https://www.youtube.com/watch?v=v0lzuXGXLE0,9,1,20jLHaXVhMFjwHs1JPjL4S
,https://www.youtube.com/watch?v=t1YHv1wHAxo,10,1,4s1HdR4GZb9OQtfTq1avcq
,https://www.youtube.com/watch?v=ijYpfI_sCy8,11,1,4VY32hdU4byJ6cpEBAXRul
,https://www.youtube.com/watch?v=84d64ets6sY,12,1,1DJsyU4yU3cnONCun42snt
,https://www.youtube.com/watch?v=gejbbL1AaJk,13,1,4HDCLYli2SUdkq9OjmvhSD
,https://www.youtube.com/watch?v=snH91WGT1UE,14,1,2IlT65thKQQw248mhk2PjQ
,https://www.youtube.com/watch?v=ZLJT7KXQhOs,15,1,439zbDDCpOPntEFlZFHKbY
칸예표 사랑노래는 믿듣이지,https://www.youtube.com/watch?v=oFK8bdAZY3A,16,1,4E3XDKil4ElJt6sXuz5cc6
,https://www.youtube.com/watch?v=kcr3NC7fsKY,17,1,4qiBiP5cXKG6JZD1sW28u5
,https://www.youtube.com/watch?v=LsnQOwZXYc0,18,1,0dDI9Y0qEQspYedfdi1vau
미고스는 추임새만 잘하는 게 아니다,https://www.youtube.com/watch?v=Tpy5r2UGdo0,19,1,1qMnyfVxKKlAxYrFPYTuph
,https://www.youtube.com/watch?v=1JltlSJH5bY,20,1,4nFrcGM7MY1mpoQCC7Kefj
,https://www.youtube.com/watch?v=421w1j87fEM,21,1,5YbPxJwPfrj7uswNwoF1pJ
,https://www.youtube.com/watch?v=bWMw4vE3J8s,22,1,2LLFl56eIFGFlnrplUC26f
,https://www.youtube.com/watch?v=YbciBJ3IUPs,23,1,6FXsrAH7Zol1jusSeJIoYA
,https://www.youtube.com/watch?v=Dg7ldnW2inQ,24,1,36DGvM1cGXimKtQ3rSi03a
,https://www.youtube.com/watch?v=we_JGhM5-Ao,25,1,6GPXq76JUWrOvlt2MHqzai
,https://www.youtube.com/watch?v=BBAtAM7vtgc,0,2,3sNVsP50132BTNlImLx70i
,https://www.youtube.com/watch?v=SeLo34-BDJk,1,2,2rbSlNYTYboHHWelF0xSAQ
,https://www.youtube.com/watch?v=Gb76TgCUqAY,2,2,5TxRUOsGeWeRl3xOML59Ai
,https://www.youtube.com/watch?v=yrHQka9XchA,3,2,0Gt4nGWoATcQFL38a1NRao
,https://www.youtube.com/watch?v=5fFV0dWpQPE,4,2,1jhdCONafFj1hzJsPvZx27
,https://www.youtube.com/watch?v=NJea386275c,5,2,5B0kgjHULYJhAQkK5XsMoC
,https://www.youtube.com/watch?v=5tSDhGea27E,6,2,3GKL13lkM5nRc4zC1lIOrR
,https://www.youtube.com/watch?v=8DL1XiYWjpk,7,2,7yoe9vbbzakNAXwb1UaWLS
,https://www.youtube.com/watch?v=_Gcaa7rGKr8,8,2,1rJUbH0v2E8t1GY4OAUTeC
,https://www.youtube.com/watch?v=DJi7WupFqPQ,9,2,3rsOs39rDAYxIOrDTHAgR9
,https://www.youtube.com/watch?v=YbciBJ3IUPs,10,2,6FXsrAH7Zol1jusSeJIoYA
,https://www.youtube.com/watch?v=aeCE435Ll1c,11,2,4Z2hR3qjHR4r7dwt7dKd1s
,https://www.youtube.com/watch?v=hHXfCOjb3fk,12,2,0q75NwOoFiARAVp4EXU4Bs
,https://www.youtube.com/watch?v=OxWCfqZhZX4,13,2,3zdsJOO5FIAgukJUMgboV8
,https://www.youtube.com/watch?v=cTMucy4PR2k,14,2,0dWOFwdXrbBUYqD9DLsoyK
,https://www.youtube.com/watch?v=DQmqCJFWaLU,15,2,5hVnFTUmD5oa7Pl4ltn6KE
,https://www.youtube.com/watch?v=sqgerBkCCWM,16,2,3XgGQ1wjo5khvq2UImjyNF
,https://www.youtube.com/watch?v=jb0YEeU9CZo,17,2,7ketv9r8Hm9lBpQdDekCXI
,https://www.youtube.com/watch?v=nteYkDKLnps,18,2,2sFEmuVVAa2klHwhFaT0rR
,https://www.youtube.com/watch?v=ox7RsX1Ee34,19,2,6PGoSes0D9eUDeeAafB2As
,https://www.youtube.com/watch?v=yEG2VTHS9yg,20,2,4S7YHmlWwfwArgd8LfSPud
,https://www.youtube.com/watch?v=tBwoRviPvVw,21,2,03hqMhmCZiNKMSPmVabPLP
,https://www.youtube.com/watch?v=93ufch_2mfw,22,2,7umZiitjVsEjMQ6HNddpUI
,https://www.youtube.com/watch?v=AVLe3Uk1qB8,23,2,2XILilAwcXHdGwZLNHteue
,https://www.youtube.com/watch?v=ZJM4AQSbZDk,24,2,0t2myRMEMCi2SRyg5TEFLp
,https://www.youtube.com/watch?v=lnADp4vGBAg,25,2,0B0jhczWfIdjY0p4KY1ArL
,https://www.youtube.com/watch?v=6NMBHsh_mi8,26,2,2cHEJfLPCYxeq2YpGO5ys3
,https://www.youtube.com/watch?v=u_C4onVrr8U,27,2,1m8WpLYXEiNVZchsWEcCSy
,https://www.youtube.com/watch?v=Uml5YDmbiQw,28,2,300DUx4tdtCdGEUXR032jA
,https://www.youtube.com/watch?v=tU3p6mz-uxU,29,2,6H0AwSQ20mo62jGlPGB8S6
,https://www.youtube.com/watch?v=rPC1g9oe2_8,30,2,6OquGsVTLqZHyxqG0PLwFz
,https://www.youtube.com/watch?v=H0qVhi01Lp4,31,2,111ixdtGqBX2riiqg8m8Xx
,https://www.youtube.com/watch?v=1sbbWXjAro8,32,2,5ugcpEprRXs0HnZ1iMFXed
,https://www.youtube.com/watch?v=r6OHG5JiuDc,33,2,270aLuFCbX32hhBr8MQyPM
,https://www.youtube.com/watch?v=_4gUVl5pjps,34,2,50a8bKqlwDEqeiEknrzkTO
,https://www.youtube.com/watch?v=5WU7oGiwiao,35,2,4brX8MJs5hxErgq48f9REO
,https://www.youtube.com/watch?v=pY6IijST_pw,36,2,3VRH0UqoAYXLj1WTqpuwHi
,https://www.youtube.com/watch?v=jfjnI_jbzew,37,2,0H57lJQoHSzP4nE7EvTJPP
,https://www.youtube.com/watch?v=u49K6WIhH84,38,2,3DCivYhjJMchrSQtoVzzWb
,https://www.youtube.com/watch?v=cg14EVOxiuQ,39,2,0ZEFUsb2AVGup8SV3y3yXl
,https://www.youtube.com/watch?v=QceVTChhlJM,40,2,63BcfK6YAzJYeISaTPr6IO
,https://www.youtube.com/watch?v=zew8SOatV0U,41,2,0ycIrEpkyb4lrqE7M1emju
,https://www.youtube.com/watch?v=uuodbSVO3z0,42,2,1tkg4EHVoqnhR6iFEXb60y
,https://www.youtube.com/watch?v=LBOmocitDfA,43,2,5VkuqayHiiU5ZHyYEH4Oeb
,https://www.youtube.com/watch?v=ila-hAUXR5U,44,2,5TRPicyLGbAF2LGBFbHGvO
,https://www.youtube.com/watch?v=Cs2d7qrVbB8,45,2,4HSAJpNocVNJbwbQvtCMdO
,https://www.youtube.com/watch?v=8kyWDhB_QeI,46,2,5SkRLpaGtvYPhw02vZhQQ9
,https://www.youtube.com/watch?v=COilSLHbdqs,47,2,3mvYQKm8h6M5K5h0nVPY9S
,https://www.youtube.com/watch?v=S38Y9LHoRh4,48,2,3thNB1fmi1wuhJ1vWCRuNz
,https://www.youtube.com/watch?v=3lDqMx4rmFU,49,2,0NjW4SKY3gbfl2orl1p8hr
,https://www.youtube.com/watch?v=XDOaT7nqqvI,0,3,1eUGmzzvahJjOSWgDHuRlv
,https://www.youtube.com/watch?v=rTNmdqzZllE,1,3,4HG1YiGBseVKzjyKcmAJen
,https://www.youtube.com/watch?v=tBwoRviPvVw,2,3,03hqMhmCZiNKMSPmVabPLP
,https://www.youtube.com/watch?v=AE005nZeF-A,3,3,2ZWlPOoWh0626oTaHrnl2a
,https://www.youtube.com/watch?v=wy5iwc1NwXg,4,3,2FOX5q9f1ZZHyePbdkt5WT
,https://www.youtube.com/watch?v=Ec3LoKpGJxY,5,3,2aPTvyE09vUCRwVvj0I8WK
,https://www.youtube.com/watch?v=f21gWR8NdC0,6,3,22MPIMPsoi0vd46wsbpzfE
,https://www.youtube.com/watch?v=X0t8zeEiqEY,7,3,0smgkpVia3VCXgY4qhVJvp
,https://www.youtube.com/watch?v=ML8Yq1Rd6I0,8,3,3nAq2hCr1oWsIU54tS98pL
,https://www.youtube.com/watch?v=Uyf_lImpdRw,9,3,5QvBXUm5MglLJ3iBfTX2Wo
,https://www.youtube.com/watch?v=GWhGT66FteU,10,3,2LtCEKs68u3RpNh4wybCF8
,https://www.youtube.com/watch?v=sEetXo3R-aM,11,3,2vtmY2mSccRzKGjtcHSzI3
영Z의 SOUL,https://www.youtube.com/watch?v=11iZcYbq_is,0,4,1AtFSBJibfaqfiOByQCwZ5
,https://www.youtube.com/watch?v=phuiiNCxRMg,1,4,351KkakA2YtGEXqSEIIasy
,https://www.youtube.com/watch?v=FyG21rXCxlY,2,4,3pDGJRDN3p6kCNZcD97FYY
,https://www.youtube.com/watch?v=oUZttxRcPZw,3,4,7yRW1NpgQzFDQbkHat2lxQ
,https://www.youtube.com/watch?v=nFYwcndNuOY,4,4,5eWcGfUCrVFMoYskyfkEPE
,https://www.youtube.com/watch?v=weRxoGz-rtE,5,4,2nRMW95dnOILirpjbksLTs
,https://www.youtube.com/watch?v=Iz1mVUw436g,6,4,5juCu4WFTFRZ2XilopAMTy
,https://www.youtube.com/watch?v=D8VEhcPeSlc,7,4,5XWlyfo0kZ8LF7VSyfS4Ew
,https://www.youtube.com/watch?v=bZEv7tzFORo,8,4,0UTtK6hregIBOsefavRI26
,https://www.youtube.com/watch?v=5_n6t9G2TUQ,9,4,2gyCwrOcC6JBoaJ8JGJ7T8
,https://www.youtube.com/watch?v=UNo0TG9LwwI,10,4,0VPFT123HKoQ2J6ipeDcI1
,https://www.youtube.com/watch?v=QU9c0053UAU,11,4,5Avril3IZ26DPVFHbJX8o6
,https://www.youtube.com/watch?v=p7qpwl0vHjo,0,5,1gXBi2I04CLJkTQnhNfEJT
,https://www.youtube.com/watch?v=iRGOb6aKcgw,1,5,3z9s9hp6ouAxH0IUojkC6L
,https://www.youtube.com/watch?v=ZJGz5ZPDFPI,2,5,0Ebot4LzRKFpNmlW0gkqe6
,https://www.youtube.com/watch?v=erErBFKPbMY,3,5,6YOXdy9jShw66iOnBzQMKv
,https://www.youtube.com/watch?v=78cOydTJMfU,4,5,2vqbApjmIGDYunVMD4hXBB
,https://www.youtube.com/watch?v=G5hbOrbfSRY,5,5,5sVe5IYLPuarlUiLOT6cFe
,https://www.youtube.com/watch?v=I-NRzzmmG_Q,6,5,3AblMxPcKPDSODskCzJBEE
,https://www.youtube.com/watch?v=PILCSOBWeh8,7,5,1z7Se5atTjuRjmRkONnHKs
,https://www.youtube.com/watch?v=qVYDICwngMA,8,5,2zlgwqw8BLX2JGB76LIFeF
,https://www.youtube.com/watch?v=WtUOsEVapz4,9,5,2XaGO56qH03kX7MHLCHiw2
,https://www.youtube.com/watch?v=ZKszvaLQiF4,10,5,0KVClXxsZEKkyWRNXeRFrE
,https://www.youtube.com/watch?v=9BJTZmmK62Y,11,5,5rZN0PP6xZsf5SWxkpMm7k
,https://www.youtube.com/watch?v=QN-H-f2dfzU,12,5,3hvWpX7wY89END0v5M0XJX
,https://www.youtube.com/watch?v=mrYZHMr_Uu0,13,5,6HyuufaEeIcdajh1tHHVEQ
,https://www.youtube.com/watch?v=V9WnRQmPuFc,14,5,6oAHHl93XiWHglVLI4SfBX
,https://www.youtube.com/watch?v=tLRN0n2-zyU,15,5,5rGMxvUu4su0Vg3BaV9BGe
,https://www.youtube.com/watch?v=SdHQkkRc-hc,16,5,5NkpsRKvSBukdYQtl3WLZW
,https://www.youtube.com/watch?v=HGpyXfCqBCk,17,5,5dh87xGcp4YqDFBc86Mh47
,https://www.youtube.com/watch?v=6jxi8Tjv33E,18,5,5zWWdqa4BF8tjygCS8E3rO
,https://www.youtube.com/watch?v=ouR4nn1G9r4,19,5,1IdM9JrXYuMYiTdM983oH4
,https://www.youtube.com/watch?v=lDsJFiprilo,20,5,0g1AmSKokPboFrxmG1dxKx
,https://www.youtube.com/watch?v=ZeerrnuLi5E,0,6,1t2qYCAjUAoGfeFeoBlK51
,https://www.youtube.com/watch?v=pSudEWBAYRE,1,6,0yB4jrSwN0bFtFRDR5vyMj
,https://www.youtube.com/watch?v=cYXyzXBhecI,2,6,7pm5uhK7xiEM9fQvuCE78l
,https://www.youtube.com/watch?v=odBtcACwF0o,3,6,05G51ez5Z73NRE0l2QtZfH
,https://www.youtube.com/watch?v=HU7ndIT06Ys,4,6,548FKDwnyPFkfWmtoK6ETA
,https://www.youtube.com/watch?v=clr4ghJk_Bs,5,6,6Yj8kVuVR3UPxx9r5eFEoV
,https://www.youtube.com/watch?v=nFYwcndNuOY,6,6,5eWcGfUCrVFMoYskyfkEPE
,https://www.youtube.com/watch?v=HlN2BXNJzxA,7,6,1exnDFdC34GyBcaLt9ZJfX
,https://www.youtube.com/watch?v=2q3Yaz0MxNg,8,6,42tFTth2jcF7iSo0RBjfJF
,https://www.youtube.com/watch?v=iDjQSdN_ig8,9,6,4ljXOIFNSjnGA2VuCYHQTS
,https://www.youtube.com/watch?v=bUwHblpMX1M,10,6,7nKQ5WAcjnG48knyLuo8gO
,https://www.youtube.com/watch?v=EWxt0KtkHlY,0,7,5pCaf7SR1fPW95Ua1CrJYu
,https://www.youtube.com/watch?v=fBAGzCDntMM,1,7,6344mzqvYpXiLxl723UVyE
,https://www.youtube.com/watch?v=nvgT3kr-rj4,2,7,0DW7eEkraNLUv94eAaxn4v
,https://www.youtube.com/watch?v=a9eHvgCsng8,3,7,76P9PzvAk51CqtOeCIEGBQ
,https://www.youtube.com/watch?v=gh2B1RtJbXg,4,7,1IkdRtsgZCtWIekX8NrLdN
,https://www.youtube.com/watch?v=EHMF0xh_z3k,5,7,6R6FlagrCC7HuFZnapXO5o
,https://www.youtube.com/watch?v=hPFGRakaRuY,6,7,2EQaWLbkUcZ92sLKQsSeDv
,https://www.youtube.com/watch?v=QdVicDf3qbM,7,7,6ipZiTWO0fuhs8lul00e4w
,https://www.youtube.com/watch?v=nU-khJbkyk4,8,7,6vhjkSvhOxU5ZyUshIAPCY
,https://www.youtube.com/watch?v=-gc1moD2Y2w,9,7,1GztRvzpFWGhe00N3jv91q
,https://www.youtube.com/watch?v=ynQJ9otDE90,10,7,1w09YJ2UvJvCR4q0W44snv
,https://www.youtube.com/watch?v=t4J0rBzPh4s,11,7,7ujVDENgCDD77JxBuw4Mhu
,https://www.youtube.com/watch?v=kVpWes8MFm4,12,7,5hyHsOQUnWQMBPWX8KZuID
,https://www.youtube.com/watch?v=LXtYMZ4LZvc,13,7,3SYqmao3YLyGYzmvBJ7Bhe
,https://www.youtube.com/watch?v=wJqdwRSARWg,14,7,5EGIJVtcmlFdw21fTwGf3u
,https://www.youtube.com/watch?v=M5aEiDSx7kI,15,7,5ocSQW5sIUIOFojwXEz9Ki
,https://www.youtube.com/watch?v=zkvhVYJvErU,16,7,53svtkdl7Hl0RZgAuTgON8
,https://www.youtube.com/watch?v=SHAQlFq6TFg,17,7,6SaeXxdt0Id6ZzmX0ZGTQK
,https://www.youtube.com/watch?v=_EJUDRpvIs0,18,7,2Sv7RMNFfNofAOmA32mLA4
,https://www.youtube.com/watch?v=EqaVNi6SHZc,19,7,7G0bBRiFDs1sDsiRqzZbmT
,https://www.youtube.com/watch?v=x7n9kcxBiuw,20,7,4xw1SakICm1K8xgeLdElyB
,https://www.youtube.com/watch?v=NiyJgOcBBqo,21,7,070bDNenZlWcjzZGAc2npp
,https://www.youtube.com/watch?v=4RWfSUWVP2I,22,7,6TSM5vkz0WzyZsNAKKYDcw
,https://www.youtube.com/watch?v=4ht80uzIhNs,23,7,0h9SUGpAofhus8HUgNXVwW
,https://www.youtube.com/watch?v=LeiFF0gvqcc,24,7,4jnFqNWeJCeCRHc4HCdxfd
,https://www.youtube.com/watch?v=VUvtlmlBbDg,25,7,3HGE6Is63CrKHS9DZ26RIO
,https://www.youtube.com/watch?v=IXIDl_5XcQw,26,7,3Xtn6ND8fGALF41WWztGF1
,https://www.youtube.com/watch?v=nmZCDBUIzhI,0,8,45SiHmjLBcPWFsNFzB547Y
,https://www.youtube.com/watch?v=VDhfK2EYfeY,1,8,1hkPTehvUqLaidlQUOfDmP
,https://www.youtube.com/watch?v=yV6786cwS-s,2,8,4QySScdQnRDZjDaAdpY0AM
,https://www.youtube.com/watch?v=3gO1aG0gTeI,3,8,3lgG9DGpDpR1VUH9ACi1EE
,https://www.youtube.com/watch?v=fJfuMtK_yug,4,8,3g1ekuXAKuFuEfarqTIxIH
,https://www.youtube.com/watch?v=et8yMXGkCMI,5,8,1UwD1ovEx84rBdpJRJt99O
,https://www.youtube.com/watch?v=Z2L5uqXMGOc,6,8,3b2DShkYT32XIVmybU1xmf
,https://www.youtube.com/watch?v=SgoZUHO4uMc,7,8,2vMMyG4iw5OppGOh23kXIe
,https://www.youtube.com/watch?v=pz-J1sPJjzA,8,8,1rVP30BW6y7uA8iJrp7wl1
,https://www.youtube.com/watch?v=JnzqAhOfDAw,9,8,1uzaFntXR5Q9K99LlduyhP
,https://www.youtube.com/watch?v=pUMlv14M5MQ,10,8,18iyA5BPmU3Htj2YZnMHdo
,https://www.youtube.com/watch?v=J5PrBdnHEhQ,11,8,0beJBpWGM17KeMTI5v1SBS
,https://www.youtube.com/watch?v=stT2gYRvTf8,12,8,7i6h8cg9E1Z7Dyy48gj2kw
,https://www.youtube.com/watch?v=p9hZ6spg1PY,13,8,2dbx9A36sJQXrBWQtI4Fsl
,https://www.youtube.com/watch?v=LJLB5JqdPc0,14,8,64KIbKLoCuMATvUM9laI91
,https://www.youtube.com/watch?v=0bbpI9D9FDE,15,8,67t5MpxDL4XREv387RPyYT
,https://www.youtube.com/watch?v=csILUDfmtqM,16,8,0juMDnoo3u3uDJ32wjK2BF
초반 20초만 유명한 곡. 후반 리듬을 처음 들어보시는 분들도 많을 것 같아요. 후반부의 몽환적인 리듬을 느껴보세요. 몸이 나른해 질 거에요 ~.~,https://www.youtube.com/watch?v=oRGDhgITetc,0,9,7DcJ6fEBb7BaKuYKTwiDxK
,https://www.youtube.com/watch?v=r_zDx_TwljU,1,9,3cqZ2Vsxt5Gi5ZLx3h5DAW
,https://www.youtube.com/watch?v=D1v3_8xVha8,2,9,2bTvNKT8bxyyPhzHu4A2Wx
,https://www.youtube.com/watch?v=-N4jf6rtyuw,3,9,1vxw6aYJls2oq3gW0DujAo
,https://www.youtube.com/watch?v=hmsyIT8OVZk,4,9,4ZaRg5Sf4TKr0YcFRLh7QJ
,https://www.youtube.com/watch?v=-E-_IRJU5w0,5,9,6KfoDhO4XUWSbnyKjNp9c4
,https://www.youtube.com/watch?v=JXgiOvHU0AY,6,9,1WCOna34eEMPgjfOOZkGQc
,https://www.youtube.com/watch?v=CX5f0NcqlMs,7,9,6Dg2RJihNlbkLSmtXY3p5f
,https://www.youtube.com/watch?v=4NRXx6U8ABQ,8,9,0VjIjW4GlUZAMYd2vXMi3b
,https://www.youtube.com/watch?v=kxgj5af8zg4,9,9,2SLwbpExuoBDZBpjfefCtV
,https://www.youtube.com/watch?v=DyWgcE9EpKw,10,9,2QYnONicU24TXbkhtaemOM
요즘 내 최애곡 ㅠ^ㅠ,https://www.youtube.com/watch?v=qiqT0rJ7zIo,11,9,6dquCx5KAW5jCgGgoTlghL
,https://www.youtube.com/watch?v=J_QGZspO4gg,12,9,7uoFMmxln0GPXQ0AcCBXRq
,https://www.youtube.com/watch?v=lukT_WB5IB0,13,9,3oUEzTAoOxqZHN4xiqTGqJ
,https://www.youtube.com/watch?v=n-UIRqgXjGA,14,9,0O6u0VJ46W86TxN9wgyqDj
,https://www.youtube.com/watch?v=OQiy0vk6Ss4,15,9,1RBIzko2PMY5CP0d3MIkwl
,https://www.youtube.com/watch?v=-oaddU3pPdA,0,10,2SL6pRmKNyug2DqhoVjVXq
,https://www.youtube.com/watch?v=wfCcs0vLysk,1,10,64yajM6CxtLghmgB53VeXT
,https://www.youtube.com/watch?v=1tk1pqwrOys,2,10,6y4GYuZszeXNOXuBFsJlos
,https://www.youtube.com/watch?v=gsT6eKsnT0M,3,10,6sIx7Cn37DGEhjy9hBP8Gx
,https://www.youtube.com/watch?v=jJzw1h5CR-I,4,10,72uSoNIf7eScfGZFQjNHrR
,https://www.youtube.com/watch?v=xGbxsiBZGPI,5,10,1XT0cpl9g0GuRQJao2nqXd
,https://www.youtube.com/watch?v=9MjAJSoaoSo,6,10,2iOvMtA1u9s95NF6mJDOuT
스즈메 고양이 귀여워.. 근데 무서워.. 근데 귀여워 ..,https://www.youtube.com/watch?v=5mvCVJIZWtA,7,10,7LHAKF7pBqHch8o6Yo0ad5
,https://www.youtube.com/watch?v=7HgJIAUtICU,8,10,1YXot2MLAG9sttepCtBRM7
,https://www.youtube.com/watch?v=uOv48wstbgY,9,10,2iXZA6Ecf9AZHw92tZBNLv
,https://www.youtube.com/watch?v=olWvy0PiLfA,10,10,7163xpL9SvNzMY6tk7nL8L
,https://www.youtube.com/watch?v=4Pls29qqg6Y,11,10,4W3rP2KZkKEykdWvlWLgyc
,https://www.youtube.com/watch?v=pLBX9vdrtn4,12,10,5Rqj6lHkIkKSD3OUgae6bw
,https://www.youtube.com/watch?v=Y732jibDixc,13,10,0jyxo8MlRDZu0S0e7yUBDD
,https://www.youtube.com/watch?v=ZRtdQ81jPUQ,14,10,1hAloWiinXLPQUJxrJReb1
,https://www.youtube.com/watch?v=oZpYEEcvu5I,15,10,2cxcqKwQtfKq7giphxjzOu
여름에 한 상쾌함 합니다!,https://www.youtube.com/watch?v=jzxJkfcYCDs,0,11,1uhx7CG8DLhCkAV0IoqYCe
,https://www.youtube.com/watch?v=Y01d2hLvsM0,1,11,6q5qD963d6AuwUF7NAcVhl
,https://www.youtube.com/watch?v=YJInKpVsBQA,2,11,6GI5AwV6rXiAItDCA822NS
,https://www.youtube.com/watch?v=-hlxyeiTvNc,3,11,3VwwxnQlYfAIIIWwgvdAWR
,https://www.youtube.com/watch?v=l9RvsMrk_l4,4,11,2IMPPA9UZpqTnnVIy9lDHU
,https://www.youtube.com/watch?v=ZHFxEnxq9Rs,5,11,7mlPsRdAV93pgaoZcc0KI0
,https://www.youtube.com/watch?v=XBVauz0iN8c,6,11,05jnwo3kEZaHL5uOM0Enfx
썸녀/썸남에게 불러주면 바로 넘어올 수밖에 없는 노래 \ ^오^ /,https://www.youtube.com/watch?v=VmpAhOuLNlE,7,11,4BcyvGnKg8DaHfXAjzFqhs
